{"cameraMode":{"drawMode":0,"name":"Shaded","section":"Shading Mode"},"sceneLighting":false,"audioPlay":false,"sceneViewState":{"showFog":false,"showMaterialUpdate":false,"showSkybox":false,"showFlares":false,"showImageEffects":true,"showParticleSystems":true},"in2DMode":false,"pivot":{"x":0.0,"y":22.004924774169923,"z":0.5507434010505676},"rotation":{"x":0.21916459500789643,"y":-0.03511694073677063,"z":0.007892248220741749,"w":0.975030243396759},"size":2.328524351119995,"orthographic":true}