{"cameraMode":{"drawMode":0,"name":"Shaded","section":"Shading Mode"},"sceneLighting":true,"audioPlay":false,"sceneViewState":{"showFog":false,"showMaterialUpdate":false,"showSkybox":true,"showFlares":false,"showImageEffects":true,"showParticleSystems":true},"in2DMode":false,"pivot":{"x":20.73229217529297,"y":36.49091339111328,"z":50.18951416015625},"rotation":{"x":-0.325294554233551,"y":0.10985443741083145,"z":-0.03776956722140312,"w":-0.9385521411895752},"size":20.144472122192384,"orthographic":true}