{"cameraMode":{"drawMode":0,"name":"Shaded","section":"Shading Mode"},"sceneLighting":false,"audioPlay":false,"sceneViewState":{"showFog":false,"showMaterialUpdate":false,"showSkybox":false,"showFlares":false,"showImageEffects":true,"showParticleSystems":true},"in2DMode":false,"pivot":{"x":0.0,"y":0.93492591381073,"z":0.2936100959777832},"rotation":{"x":-0.005700075998902321,"y":0.9937974810600281,"z":-0.09300079941749573,"w":-0.06089474633336067},"size":1.7417657375335694,"orthographic":false}