{"cameraMode":{"drawMode":0,"name":"Shaded","section":"Shading Mode"},"sceneLighting":false,"audioPlay":false,"sceneViewState":{"showFog":false,"showMaterialUpdate":false,"showSkybox":false,"showFlares":false,"showImageEffects":true,"showParticleSystems":true},"in2DMode":false,"pivot":{"x":-0.18365317583084107,"y":-0.16218304634094239,"z":-0.12947046756744386},"rotation":{"x":0.14557375013828278,"y":-0.011872600764036179,"z":0.0017472883919253946,"w":0.9892838597297669},"size":1.2068816423416138,"orthographic":true}