{"cameraMode":{"drawMode":0,"name":"Shaded","section":"Shading Mode"},"sceneLighting":false,"audioPlay":false,"sceneViewState":{"showFog":false,"showMaterialUpdate":false,"showSkybox":false,"showFlares":false,"showImageEffects":true,"showParticleSystems":true},"in2DMode":false,"pivot":{"x":5.960464477539063e-8,"y":0.4616279900074005,"z":-0.03324878215789795},"rotation":{"x":0.2013435810804367,"y":-0.02791767567396164,"z":0.00574409868568182,"w":0.9791242480278015},"size":1.294405221939087,"orthographic":false}